zip,cheese_id,percent_discount,out_of_stock
90895,19204,15,False
90895,19346,18,False
90895,19075,17,False
90895,6751,0,True
90895,19073,17,False
90895,19311,0,True
91001,19248,14,False
91001,19505,0,True
91001,8056,17,False
91001,19058,23,False
91001,19374,0,True
91001,4647,18,False
91001,19233,0,True
91001,19496,18,False
91001,19128,11,False
91001,19393,0,True
91001,19332,19,False
91001,19426,12,False
91001,19450,19,False
91001,19097,19,False
91001,19432,10,False
91001,8659,23,False
91001,19269,20,False
91006,19452,21,False
91006,19192,10,False
91007,19337,0,True
91007,19541,11,False
91007,19258,0,True
91007,19327,24,False
91007,19128,13,False
91007,19417,13,False
91007,19283,0,True
91007,19174,15,False
91007,19226,0,True
91007,3798,21,False
91007,19263,20,False
91007,19098,13,False
91007,19406,0,True
91007,19427,0,True
91007,19161,24,False
91007,4263,13,False
91007,19414,0,True
91007,19079,14,False
91007,19257,19,False
91011,19379,0,True
91011,19363,24,False
91011,19129,0,True
91011,19106,12,False
91011,19526,10,False
91011,19148,12,False
91011,19404,18,False
91011,19452,25,False
91011,19203,11,False
91011,19402,0,True
91011,19194,0,True
91011,19306,24,False
91011,19385,19,False
91011,19206,16,False
91011,7071,14,False
91011,19065,24,False
91010,19204,19,False
91010,19068,20,False
91010,19098,21,False
91016,19157,13,False
91016,9355,13,False
91016,4870,22,False
91016,19161,19,False
91016,19534,17,False
91016,19112,0,True
91016,19187,0,True
91016,19156,22,False
91016,19277,13,False
91016,19545,0,True
91016,19353,12,False
91016,19065,22,False
91020,19501,21,False
91020,19168,24,False
91020,19264,10,False
91020,19496,14,False
91017,19544,0,True
91017,19287,16,False
91017,19391,18,False
91017,19291,24,False
91017,19507,0,True
91017,19482,14,False
91017,19437,24,False
91017,19302,23,False
91017,19459,24,False
91017,19212,10,False
91017,19103,0,True
91017,19259,21,False
91017,3798,13,False
91017,19280,0,True
91017,19116,17,False
91017,19088,13,False
91017,19445,20,False
93510,4981,19,False
93510,4874,23,False
93510,19338,15,False
93510,19388,23,False
93510,19354,23,False
93510,19154,0,True
93510,19189,0,True
93510,19230,20,False
93510,3778,16,False
93510,8519,16,False
93510,19487,18,False
93510,19239,0,True
93510,19211,17,False
93510,19444,0,True
93510,19378,21,False
93510,19381,0,True
93510,19237,19,False
93510,19446,24,False
93510,19376,21,False
91023,19392,10,False
91023,19355,15,False
91023,19307,12,False
91023,19068,13,False
91024,19224,15,False
91024,19337,10,False
91024,19333,0,True
91024,19463,0,True
91024,19074,23,False
91024,4842,0,True
91024,19430,10,False
91024,19185,15,False
91024,19484,14,False
91030,19301,19,False
91030,19071,25,False
91030,19235,13,False
91030,19525,17,False
91030,19376,12,False
91030,19390,24,False
91030,19413,22,False
91030,19135,15,False
91030,19080,16,False
91030,19469,10,False
91030,19528,12,False
91030,19330,18,False
91030,19180,20,False
91030,7071,11,False
91030,19427,13,False
91030,19437,14,False
91030,19489,0,True
91030,19244,0,True
91040,19449,10,False
91040,19219,10,False
91040,19242,11,False
91040,19156,10,False
91040,19430,16,False
91040,19479,23,False
91040,19080,0,True
91040,19356,0,True
91040,19201,0,True
91040,19463,24,False
91040,19377,14,False
91040,19290,21,False
91040,8519,0,True
91043,19130,18,False
91043,19324,15,False
91043,19063,11,False
91043,6940,16,False
91043,19077,24,False
91043,19387,16,False
91043,19461,16,False
91043,19412,24,False
91043,8293,17,False
91043,19509,24,False
91043,19504,21,False
91043,19490,0,True
91043,7504,19,False
91043,19228,25,False
91043,19491,15,False
91043,19391,14,False
91043,19466,23,False
91043,19501,25,False
91042,19129,22,False
91042,19364,17,False
91042,19335,12,False
91042,19173,15,False
91042,19116,12,False
91042,19408,0,True
91042,19432,20,False
91042,19202,15,False
91042,19341,20,False
91042,19323,13,False
91101,19065,16,False
91101,19275,19,False
91101,19527,17,False
91101,19270,13,False
91101,6998,24,False
91101,19388,13,False
91103,19227,22,False
91103,19244,11,False
91103,19283,19,False
91103,19492,17,False
91103,19495,16,False
91103,19100,20,False
91103,19440,16,False
91103,19275,0,True
91103,19358,10,False
91103,19328,0,True
91103,19450,20,False
91103,19092,22,False
91103,9871,0,True
91103,19535,19,False
91103,19391,0,True
91103,19173,24,False
91105,19452,0,True
91105,19204,12,False
91105,19529,15,False
91105,19108,0,True
91105,19469,23,False
91105,19462,10,False
91105,19103,22,False
91105,19509,12,False
91105,19410,14,False
91105,19246,15,False
91105,7504,0,True
91105,4845,0,True
91105,19482,12,False
93534,19480,0,True
93534,19365,12,False
93534,19154,17,False
93534,19271,10,False
93534,19414,14,False
93534,19478,24,False
93534,19528,0,True
93534,19501,0,True
93534,19059,19,False
93534,19087,25,False
93534,19467,11,False
93534,19529,0,True
93534,19400,15,False
93534,19135,14,False
93534,19542,0,True
93534,19146,25,False
91104,19253,0,True
91104,19505,0,True
93532,19368,25,False
93532,19511,24,False
93532,5468,19,False
93532,19434,16,False
93532,4870,18,False
93532,19269,20,False
93532,19213,11,False
93532,19081,13,False
93532,19313,0,True
93532,19226,12,False
93532,19378,0,True
93532,19380,0,True
93532,6854,14,False
93532,7504,19,False
93532,19496,0,True
93532,19230,23,False
93532,19409,10,False
93532,19124,22,False
91107,19229,13,False
91107,19159,22,False
91107,19313,10,False
91107,19337,12,False
91107,19226,20,False
91107,19320,22,False
91107,19130,22,False
91107,19367,10,False
93536,19490,23,False
93536,19426,10,False
93536,19521,19,False
91106,19531,0,True
91106,19526,18,False
91106,19330,25,False
91106,7435,20,False
91106,19199,12,False
91106,19356,0,True
91106,19465,0,True
91106,19521,0,True
91106,19413,14,False
91106,19370,0,True
93535,19229,23,False
93535,19389,10,False
93535,19203,16,False
93535,19531,25,False
93535,19185,24,False
93535,4670,12,False
93535,19212,12,False
93535,19363,16,False
93535,19379,12,False
93535,19397,20,False
93535,19496,11,False
93535,19392,19,False
91108,19542,17,False
91108,19448,20,False
91108,19410,21,False
91108,19544,19,False
91108,19386,0,True
91108,19419,0,True
91108,19422,16,False
91108,19356,23,False
91108,19396,15,False
91108,1462,24,False
91108,19522,18,False
91108,19480,0,True
91108,19321,0,True
91108,19369,15,False
93539,19273,14,False
93543,19310,23,False
93543,19368,0,True
93543,19353,15,False
93543,19211,25,False
93543,19481,24,False
93544,19528,0,True
93544,19069,15,False
93544,19417,23,False
93544,19131,0,True
93544,7888,13,False
93544,7504,20,False
93544,19529,0,True
93544,19422,0,True
93544,19165,0,True
93544,19294,21,False
93544,19425,0,True
93544,19256,14,False
91123,19538,0,True
91123,19234,11,False
91123,452,11,False
91123,19273,11,False
91123,19219,17,False
91123,19394,24,False
91123,19349,20,False
91123,19303,13,False
91123,19522,13,False
91123,19499,15,False
91123,19329,0,True
91123,19306,0,True
91123,4281,0,True
91123,19123,25,False
91123,19252,22,False
91123,19382,25,False
91123,19444,22,False
91123,19242,17,False
91123,19369,0,True
93551,19345,25,False
93551,19407,22,False
93551,19143,14,False
93551,19179,21,False
93550,19283,14,False
93550,19063,22,False
93550,19346,10,False
93550,19374,0,True
93550,19186,18,False
93550,19368,25,False
93550,19086,16,False
93550,19377,0,True
93550,19323,0,True
93550,19282,16,False
91125,19167,12,False
91125,19245,0,True
91125,5921,0,True
91125,19457,0,True
91125,19162,20,False
91125,19189,25,False
91125,19437,0,True
91125,19069,22,False
91125,19351,14,False
91125,19083,20,False
91125,19498,25,False
91125,19121,16,False
91125,19320,19,False
91125,19203,17,False
91125,19099,20,False
91125,8293,22,False
93553,19111,12,False
93553,19392,15,False
93553,19486,0,True
93553,19481,21,False
93553,19422,0,True
93553,19268,21,False
93553,19325,20,False
93552,19371,18,False
93552,19399,0,True
93552,19209,24,False
93552,19059,22,False
93552,5921,13,False
93552,19385,18,False
93552,19274,10,False
93552,19131,13,False
93552,19322,11,False
93552,19156,20,False
93552,19359,0,True
93552,19071,15,False
93552,19536,17,False
93552,19461,17,False
93552,19469,17,False
93552,19248,16,False
93552,19292,0,True
93552,19217,0,True
93552,19212,0,True
91182,19500,10,False
93563,19059,0,True
93563,6998,23,False
93563,19320,25,False
93563,19395,25,False
93563,4981,0,True
93563,19404,11,False
93563,19399,24,False
93563,19246,24,False
93563,19315,16,False
93563,19366,12,False
93563,19343,0,True
93563,19273,16,False
93563,5468,0,True
93563,19456,10,False
93563,4264,20,False
93563,19533,24,False
93563,19301,15,False
93563,19283,0,True
93590,19329,18,False
93590,19497,11,False
93590,19180,0,True
93590,19349,23,False
93590,19423,16,False
93590,19333,0,True
93590,19353,12,False
93590,19207,0,True
91189,19528,17,False
91189,19446,19,False
91189,19491,22,False
91189,19482,0,True
91189,19427,12,False
91189,19093,18,False
91189,19521,10,False
91189,19452,24,False
91189,19105,25,False
91189,19071,14,False
91189,19386,14,False
91189,19512,15,False
91202,19116,0,True
91202,19494,18,False
91202,19127,0,True
91202,4981,20,False
91201,19504,25,False
91201,326,11,False
91201,19115,12,False
91201,19496,11,False
91201,19415,17,False
91201,4629,25,False
91201,19440,0,True
91201,19452,0,True
93591,7071,10,False
93591,19320,23,False
93591,19238,15,False
93591,19079,14,False
93591,19393,11,False
93591,19432,13,False
93591,518,20,False
93591,19455,20,False
93591,7504,10,False
93591,19140,16,False
93591,19064,17,False
93591,19173,12,False
93591,19097,19,False
93591,19135,16,False
91204,19312,11,False
91204,19297,0,True
93599,19105,0,True
93599,19147,11,False
93599,19507,18,False
93599,19311,0,True
93599,19510,0,True
93599,19419,12,False
93599,19439,20,False
93599,4845,16,False
93599,19381,17,False
93599,19354,24,False
93599,19203,23,False
93599,19324,18,False
93599,19204,24,False
93599,19488,23,False
93599,19374,11,False
91203,19530,15,False
91203,19406,0,True
91203,19465,17,False
91203,19458,23,False
91203,19274,15,False
91203,19372,0,True
91203,8056,11,False
91203,19275,22,False
91203,19074,25,False
91206,19176,18,False
91206,19284,23,False
91206,19403,20,False
91205,19094,0,True
91205,19402,17,False
91205,19417,25,False
91205,19270,0,True
91205,19498,15,False
91205,19462,19,False
91205,19073,15,False
91205,19317,12,False
91205,19261,22,False
91205,19384,0,True
91205,19495,0,True
91205,19116,14,False
91205,19096,22,False
91205,19150,23,False
91205,19538,25,False
91208,19272,13,False
91208,19246,10,False
91208,19372,18,False
91208,19108,24,False
91208,19224,0,True
91208,4845,24,False
91208,19307,24,False
91208,19157,22,False
91208,8519,11,False
91207,19173,16,False
91207,4281,0,True
91207,567,12,False
91207,19245,14,False
91210,19304,23,False
91214,19318,19,False
91214,19369,0,True
91214,7763,16,False
91302,4264,19,False
91302,19393,15,False
91302,19248,19,False
91302,19273,16,False
91302,3777,15,False
91302,19425,19,False
91302,19541,16,False
91302,19081,15,False
91302,19458,22,False
91302,19359,25,False
91302,19083,20,False
91302,19063,24,False
91301,19073,13,False
91301,19497,16,False
91301,4260,11,False
91301,19138,15,False
91301,19151,23,False
91301,19460,12,False
91301,19108,10,False
91301,19458,0,True
91301,19184,10,False
91301,19194,13,False
91301,19379,14,False
91301,19235,22,False
91301,19310,18,False
91301,19153,13,False
91301,19224,14,False
91301,19288,25,False
91301,19260,11,False
91301,7619,25,False
91301,19070,24,False
91304,19419,0,True
91304,4845,0,True
91304,9871,15,False
91304,19087,18,False
91304,19487,11,False
91304,19075,0,True
91304,19329,17,False
91304,19132,19,False
91303,19483,13,False
91303,19387,18,False
91303,19261,12,False
91303,19314,11,False
91303,19138,23,False
91303,19209,23,False
91303,19228,19,False
91303,19229,19,False
91303,19451,0,True
91303,19267,19,False
91303,19257,17,False
91303,19436,25,False
91306,19267,0,True
91306,19432,21,False
91306,19545,22,False
91306,19325,25,False
91306,19312,0,True
91306,19528,15,False
91306,19192,24,False
91306,19081,13,False
91307,8056,20,False
91307,19319,22,False
91307,19298,0,True
91307,19375,22,False
91307,6998,14,False
91307,19386,0,True
91307,19425,0,True
91307,19078,11,False
91307,19250,21,False
91307,19354,21,False
91307,19499,0,True
91307,19241,11,False
91307,19081,18,False
91307,19133,25,False
91307,6899,14,False
91307,19518,17,False
91307,19364,0,True
91307,19542,12,False
91307,19076,14,False
91310,19161,15,False
91310,19382,14,False
91310,19419,15,False
91310,19156,12,False
91310,19107,22,False
91310,19527,0,True
91310,19132,22,False
91310,19434,24,False
91310,19088,22,False
92397,19072,23,False
92397,19240,0,True
92397,19403,11,False
92397,19097,21,False
92397,19500,21,False
92397,19442,17,False
91311,19122,22,False
91311,19283,25,False
91316,19148,25,False
91321,19294,0,True
91321,19502,22,False
91321,19208,17,False
91321,19540,0,True
91321,19217,19,False
91321,19406,15,False
91321,19410,17,False
91325,19064,20,False
91325,7763,23,False
91325,19318,12,False
91325,19513,23,False
91325,19069,21,False
91325,3777,0,True
91325,19366,24,False
91325,19159,0,True
91325,19487,22,False
91325,19283,15,False
91325,19192,17,False
91325,19270,23,False
91325,4670,10,False
91325,19442,0,True
91325,19375,20,False
91325,19354,14,False
91325,19531,10,False
91325,19077,25,False
91325,19122,23,False
91324,19309,13,False
91324,19393,25,False
91326,19261,21,False
91326,19233,0,True
91326,19388,18,False
91326,19232,13,False
91326,19488,24,False
91326,19373,19,False
91326,19204,0,True
91326,19274,22,False
91326,19246,22,False
91326,19386,0,True
91326,19395,18,False
91326,19455,0,True
91326,4870,21,False
91326,19189,21,False
91326,19463,13,False
91326,19325,19,False
91326,19270,16,False
91326,19345,16,False
91331,3777,0,True
91331,4670,17,False
91331,19194,13,False
91331,19247,0,True
91331,19132,0,True
91331,19226,0,True
91331,19322,0,True
91331,19507,14,False
91331,19366,15,False
91331,19394,0,True
91331,19368,12,False
91331,19080,15,False
91331,19121,23,False
91330,19205,25,False
91330,4874,16,False
91330,19098,14,False
91335,19528,21,False
91335,1905,18,False
91335,6898,25,False
91340,19263,0,True
91340,19412,18,False
91340,19339,15,False
91340,19415,14,False
91340,19490,12,False
91340,19539,0,True
91340,19487,17,False
91340,19310,11,False
91340,8056,12,False
91340,19356,23,False
91340,19082,23,False
91340,19256,21,False
91340,19458,16,False
91340,19314,20,False
91340,19218,19,False
91340,19271,11,False
91343,19246,0,True
91343,19355,24,False
91343,19080,17,False
91343,19105,25,False
91343,19370,0,True
91343,19092,22,False
91343,19422,12,False
91343,19107,24,False
91343,19250,21,False
91343,19452,21,False
91343,19402,0,True
91342,19442,11,False
91342,19267,16,False
91342,19509,25,False
91342,19371,17,False
91342,19066,11,False
91342,19436,20,False
91342,19505,12,False
91342,7619,20,False
91342,19444,14,False
91342,19515,0,True
91342,19522,14,False
91342,19408,21,False
91342,19520,12,False
91342,19248,10,False
91345,19479,13,False
91345,19510,0,True
91345,19099,16,False
91345,19090,14,False
91345,8519,21,False
91345,19137,0,True
91345,19345,0,True
91345,19496,0,True
91345,19135,15,False
91345,19147,18,False
91345,6689,12,False
91345,19419,15,False
91345,19518,0,True
91345,19428,25,False
91345,19120,0,True
91345,19124,25,False
91344,19245,15,False
91344,19254,18,False
91344,19168,0,True
91344,19412,12,False
91344,19293,20,False
91350,19414,11,False
91350,19336,23,False
91346,19340,15,False
91346,19392,20,False
91346,19207,11,False
91346,19531,24,False
91346,19316,14,False
91346,19388,0,True
91346,19436,0,True
91346,19475,20,False
91346,19504,15,False
91346,4981,23,False
91346,19329,22,False
91346,19502,13,False
91346,19240,13,False
91346,19160,14,False
91346,19315,20,False
91346,19075,10,False
91346,19350,12,False
91352,19280,10,False
91352,19285,10,False
91352,19212,0,True
91352,19189,18,False
91352,19233,25,False
91352,19376,25,False
91352,19457,14,False
91352,19527,16,False
91352,19143,13,False
91352,19158,0,True
91352,19100,17,False
91352,19060,23,False
91352,19525,19,False
91352,19502,0,True
91352,19148,16,False
91352,19355,24,False
91352,19535,14,False
91352,19179,0,True
91352,19068,0,True
91352,8293,16,False
91351,19058,21,False
91351,4670,23,False
91351,19423,0,True
91351,19313,25,False
91351,19442,21,False
91351,19081,11,False
91351,19444,22,False
91351,19287,25,False
91351,19152,21,False
91351,19126,0,True
91351,19527,24,False
91351,19393,16,False
91351,19089,21,False
91351,19183,0,True
91351,19482,14,False
91351,7068,0,True
91351,19515,11,False
91354,19197,12,False
91354,19335,24,False
91354,19394,18,False
91354,19390,10,False
91354,19269,25,False
91354,19427,0,True
91354,19308,0,True
91354,19463,19,False
91354,19079,23,False
91354,19127,14,False
91354,19175,17,False
91354,19234,15,False
91354,19286,19,False
91354,19480,0,True
91354,19410,14,False
91354,19203,23,False
91354,19304,21,False
91354,19191,13,False
91354,19229,13,False
91354,19224,25,False
91356,19482,14,False
91356,19475,14,False
91356,19158,21,False
91356,19217,21,False
91356,19373,16,False
91356,19395,20,False
91356,19320,20,False
91356,19072,21,False
91356,19540,10,False
91356,19455,25,False
91356,19144,22,False
91356,19248,12,False
91356,19269,0,True
91356,518,19,False
91356,19324,16,False
91355,19109,0,True
91355,7472,19,False
91355,7068,0,True
91355,19101,19,False
91355,19381,14,False
91355,19275,23,False
91355,19343,10,False
91355,19414,0,True
91357,19387,12,False
91357,19139,10,False
91357,19303,16,False
91357,19467,24,False
91357,19076,13,False
91357,19316,23,False
91357,19336,23,False
91357,19525,25,False
91357,19304,10,False
91357,19101,0,True
91357,19482,0,True
91357,19103,14,False
91357,19105,17,False
91357,8293,13,False
91357,19071,12,False
91357,19206,21,False
91357,19531,13,False
91361,518,18,False
91361,19541,19,False
91361,19468,21,False
91361,19530,15,False
91361,4670,21,False
91361,19504,18,False
91361,19542,20,False
91361,19540,19,False
91361,19461,17,False
91361,19110,23,False
91361,19152,10,False
91361,19282,25,False
91361,19322,23,False
91361,19511,15,False
91361,19283,23,False
91361,19315,13,False
91361,19062,25,False
91361,452,19,False
91361,19143,0,True
91364,19106,24,False
91364,19354,0,True
91364,3778,10,False
91364,19181,22,False
91364,19199,24,False
91364,19368,20,False
91364,19542,22,False
91364,19246,14,False
91364,19348,0,True
91364,19245,0,True
91364,19076,22,False
91364,19143,14,False
91364,19058,14,False
91364,19358,23,False
91364,19153,0,True
91364,19459,14,False
91364,19151,0,True
91367,19185,12,False
91367,19354,25,False
91367,19083,21,False
91367,19217,23,False
91365,19367,17,False
91381,19273,22,False
91381,19082,24,False
91381,19419,0,True
91381,19390,12,False
91381,19345,0,True
91381,19446,14,False
91381,19205,18,False
91381,19521,25,False
91381,19373,14,False
91381,19348,14,False
91381,19206,22,False
91381,19096,12,False
91381,19468,15,False
91381,19493,12,False
91381,4263,22,False
91381,19196,11,False
91381,19402,0,True
91381,19074,0,True
91381,7888,17,False
91383,19495,0,True
91383,19431,15,False
91383,19404,11,False
91383,19202,13,False
91384,19373,24,False
91384,19498,20,False
91384,19304,16,False
91384,19271,19,False
91384,19284,24,False
91384,19515,0,True
91384,19379,17,False
91384,19112,0,True
91384,19298,24,False
91384,19162,11,False
91384,19236,21,False
91384,4618,20,False
91384,19425,23,False
91384,8293,24,False
91384,19169,10,False
91384,19436,22,False
91384,19367,23,False
91387,9931,19,False
91387,19533,20,False
91390,19271,12,False
91390,19451,22,False
91390,19111,10,False
91390,19346,19,False
91390,19090,20,False
91390,19275,24,False
91390,19133,0,True
91390,19208,10,False
91390,4870,12,False
91390,19521,18,False
91390,19119,16,False
91390,19499,0,True
91390,19110,0,True
91402,19189,17,False
91402,19307,20,False
91402,19259,17,False
91402,19183,18,False
91402,19058,0,True
91402,19513,18,False
91402,19108,24,False
91402,4629,24,False
91402,19102,17,False
91402,19196,20,False
91402,19354,0,True
91402,6854,10,False
91402,19204,25,False
91402,19194,23,False
91402,19243,18,False
91401,19466,10,False
91401,19118,0,True
91401,19086,15,False
91401,19520,0,True
91401,19272,0,True
91401,19500,24,False
91401,19483,20,False
91401,19507,16,False
91401,19270,11,False
91401,19379,25,False
91401,19545,12,False
91401,19494,15,False
91401,19212,14,False
91401,19488,0,True
91401,19153,15,False
91401,19387,10,False
91401,19112,0,True
91401,19351,14,False
91401,19396,13,False
91403,19324,0,True
91403,19110,24,False
91403,19332,18,False
91403,19261,12,False
91403,19303,21,False
91403,19350,23,False
91403,19098,0,True
91403,7504,0,True
91403,19532,24,False
91403,19293,11,False
91403,19304,13,False
91403,19442,23,False
91403,19231,23,False
91403,19464,0,True
91406,19539,17,False
91406,19394,12,False
91406,19221,20,False
91406,19235,19,False
91406,4842,11,False
91406,19286,15,False
91406,567,21,False
91406,3778,14,False
91406,19535,23,False
91405,19273,17,False
91411,19096,23,False
91411,19076,24,False
91423,19283,0,True
91423,19241,21,False
91423,19456,11,False
91423,19500,16,False
91423,19116,22,False
91423,19068,0,True
91423,19356,12,False
91423,19408,21,False
91436,19199,0,True
91436,19119,22,False
91436,19336,18,False
91436,19378,18,False
91436,7435,21,False
91436,19221,20,False
91436,19176,15,False
91436,19406,14,False
91436,6751,12,False
91436,4647,17,False
91436,19320,25,False
91436,19102,14,False
91436,19466,16,False
91495,19480,0,True
91495,9871,19,False
91495,19502,24,False
91495,19088,0,True
91495,19107,17,False
91495,19338,20,False
91495,19543,21,False
91495,19534,20,False
91495,19242,11,False
91495,19289,25,False
91495,19203,21,False
91495,19518,15,False
91495,19362,23,False
91495,19310,13,False
91495,19395,20,False
91495,19486,15,False
91495,19105,20,False
91495,19282,11,False
91495,19135,19,False
91495,3798,10,False
91501,19350,15,False
91501,19349,10,False
91501,19510,18,False
91501,19088,19,False
91501,19511,25,False
91501,19170,14,False
91501,19303,20,False
91501,19159,24,False
91501,19375,20,False
91501,19202,0,True
91501,19147,15,False
91501,19094,20,False
91501,4845,0,True
91501,19081,18,False
91501,19156,0,True
91501,19113,24,False
91501,19173,0,True
91501,4842,23,False
91502,19264,0,True
91502,19386,10,False
91502,19296,0,True
91502,19328,21,False
91505,19321,18,False
91505,19280,12,False
91505,19161,14,False
91505,19542,0,True
91504,19228,20,False
91504,19410,11,False
91504,19058,20,False
91504,19331,0,True
91504,19152,10,False
91504,19394,0,True
91504,19509,11,False
91506,19267,11,False
91506,4981,24,False
91506,19489,23,False
91506,19465,12,False
91506,19452,25,False
91506,19406,15,False
91506,19208,10,False
91506,19387,23,False
91506,19369,0,True
91506,7472,24,False
91506,19183,20,False
91506,19353,11,False
91506,19248,22,False
91506,19081,23,False
91506,19128,12,False
91602,9355,19,False
91602,19064,21,False
91602,19316,14,False
91602,19159,20,False
91602,19358,0,True
91602,19273,0,True
91602,19092,17,False
91601,19208,14,False
91601,19399,0,True
91601,19156,23,False
91601,19543,17,False
91601,19419,17,False
91601,19241,14,False
91601,19170,0,True
91601,19211,10,False
91601,19388,0,True
91601,19117,19,False
91604,19341,19,False
91604,7472,21,False
91604,19467,21,False
91604,19461,17,False
91604,19231,16,False
91604,19244,0,True
91604,19291,16,False
91604,9871,0,True
91604,19477,0,True
91604,3778,22,False
91604,1462,24,False
91606,19310,0,True
91606,19132,22,False
91606,19306,10,False
91606,19121,12,False
91606,3798,12,False
91606,19436,17,False
91606,19348,0,True
91606,19117,13,False
91606,7068,24,False
91606,19058,23,False
91606,6898,0,True
91606,19341,17,False
91606,19504,21,False
91606,19314,14,False
91606,19243,20,False
91606,19114,20,False
91606,19324,10,False
91606,19337,0,True
91606,19176,15,False
91606,19095,13,False
91605,19083,19,False
91605,9355,12,False
91605,19091,13,False
91605,19521,0,True
91605,8305,23,False
91608,19391,0,True
91607,19236,14,False
91614,19226,0,True
91614,19068,12,False
91614,19298,0,True
91614,19417,17,False
91614,1462,24,False
91614,19440,12,False
91614,19248,0,True
91614,19263,16,False
91614,19161,0,True
91614,19086,13,False
91614,19308,11,False
91614,19293,13,False
91614,19117,14,False
91614,19243,25,False
91614,19460,0,True
91706,19381,21,False
91706,19068,0,True
91706,19063,13,False
91702,19176,25,False
91702,19221,0,True
91702,19296,25,False
91702,19207,16,False
91711,19235,11,False
91711,19084,15,False
91711,19368,24,False
91711,19500,13,False
91711,19454,13,False
91711,19068,0,True
91711,19129,23,False
91711,19076,0,True
91711,19123,0,True
91711,19318,10,False
91711,19214,23,False
91722,19123,18,False
91722,19394,21,False
91722,19458,0,True
91722,19451,0,True
91722,19192,0,True
91722,19156,21,False
91722,4981,19,False
91722,19103,22,False
91722,19128,14,False
91722,19257,25,False
91722,6689,25,False
91722,19513,17,False
91722,19527,13,False
91722,4264,14,False
91722,19493,12,False
91722,19460,25,False
91722,19329,20,False
91722,19379,18,False
91722,19356,22,False
91722,19209,12,False
91724,19401,12,False
91724,19310,21,False
91724,19283,13,False
91724,19521,21,False
91724,19070,22,False
91724,19456,23,False
91724,9157,21,False
91723,19130,0,True
91723,19509,17,False
91723,19403,23,False
91723,19475,12,False
91723,19075,11,False
91723,8056,24,False
91723,19273,16,False
91723,19476,18,False
91723,19315,23,False
91723,19442,18,False
91723,19301,12,False
91723,19500,16,False
91723,19094,0,True
91723,19435,13,False
91723,19458,11,False
91732,19099,24,False
91732,19381,21,False
91732,19066,14,False
91732,19098,20,False
91732,19127,0,True
91732,19382,17,False
91732,19292,10,False
91732,19529,19,False
91732,19499,13,False
91732,19297,12,False
91732,19439,23,False
91732,19197,0,True
91732,19232,16,False
91732,19061,19,False
91732,19135,19,False
91732,19365,18,False
91732,19095,0,True
91732,19236,18,False
91732,19060,19,False
91731,19146,20,False
91731,19380,11,False
91731,19455,11,False
91731,4845,15,False
91731,4647,10,False
91731,19382,21,False
91731,19403,23,False
91731,19533,24,False
91731,19294,0,True
91731,19378,23,False
91731,19498,14,False
91731,19210,20,False
91733,19105,19,False
91733,19501,20,False
91733,19397,19,False
91733,19207,0,True
91733,19541,0,True
91733,19409,23,False
91733,19111,24,False
91733,19442,10,False
91733,9857,23,False
91735,19385,18,False
91735,19376,16,False
91735,19269,11,False
91740,19533,23,False
91740,19058,25,False
91740,19539,0,True
91740,19475,20,False
91740,19495,0,True
91740,19406,19,False
91740,19190,10,False
91740,19500,0,True
91740,4870,10,False
91741,7435,18,False
91741,19451,0,True
91741,19117,20,False
91741,19346,0,True
91745,19391,0,True
91745,19284,22,False
91745,19437,0,True
91745,19258,0,True
91745,19543,23,False
91745,19344,23,False
91745,19143,11,False
91744,19465,0,True
91744,19241,21,False
91744,19239,0,True
91744,19244,20,False
91744,19392,12,False
91744,19526,10,False
91744,19261,22,False
91744,19542,25,False
91744,19238,10,False
91744,19434,18,False
91744,19080,0,True
91744,19449,24,False
91744,19431,12,False
91744,19166,0,True
91744,19525,0,True
91744,19513,14,False
91744,19340,25,False
91747,19285,25,False
91747,19238,24,False
91747,19205,20,False
91747,19384,18,False
91747,1905,21,False
91747,19065,13,False
91747,19103,21,False
91747,19078,12,False
91747,19483,14,False
91747,19419,11,False
91747,19331,22,False
91747,19221,17,False
91747,7071,25,False
91747,19241,15,False
91747,19060,25,False
91747,19302,17,False
91747,19507,15,False
91747,19428,24,False
91747,19358,0,True
91746,19537,19,False
91746,19430,0,True
91746,19122,11,False
91746,19248,14,False
91746,19140,19,False
91746,19238,17,False
91746,19135,16,False
91746,19294,12,False
91746,19427,24,False
91746,19234,0,True
91746,19355,22,False
91746,4647,23,False
91746,19146,0,True
91746,4845,13,False
91746,19448,11,False
91746,19071,22,False
91748,19330,19,False
91748,19519,0,True
91748,3587,19,False
90002,19501,17,False
90002,6998,11,False
90002,19076,0,True
90002,19213,11,False
90002,19534,0,True
90002,19510,12,False
90002,19358,24,False
90002,19192,22,False
90002,19371,0,True
90002,19082,24,False
90002,5468,24,False
90002,3587,25,False
90002,9857,21,False
90002,19524,20,False
90002,19344,23,False
90002,19066,25,False
90002,19101,21,False
90002,19148,14,False
91750,19234,0,True
91750,452,21,False
91750,19276,0,True
91750,19534,0,True
91750,3777,17,False
90001,19436,25,False
90001,19170,0,True
90001,19393,19,False
90001,19121,13,False
90001,19118,21,False
90001,19204,0,True
90001,19242,17,False
90001,19348,20,False
91755,19478,16,False
91755,19135,0,True
91755,19321,23,False
91755,19448,14,False
91755,19122,0,True
91755,19269,0,True
91755,19456,20,False
90004,19254,0,True
90004,6865,14,False
90004,19289,13,False
90004,326,12,False
90004,19346,12,False
90004,19505,12,False
90004,19388,12,False
90004,19260,24,False
90004,19430,23,False
90004,518,13,False
90004,19434,24,False
90004,19302,0,True
90004,9857,24,False
90004,19535,12,False
90004,19224,22,False
90004,19477,13,False
90004,19451,0,True
90003,19217,0,True
90003,19235,11,False
90003,19358,24,False
90003,19286,12,False
90003,6689,16,False
90003,19387,0,True
90003,19094,0,True
90003,19083,19,False
90003,19337,25,False
90003,19135,16,False
90003,19514,0,True
91754,19144,0,True
91754,19350,0,True
91754,19086,10,False
91754,19156,22,False
91754,19256,19,False
91754,19084,18,False
91754,19286,0,True
91754,19407,12,False
91754,19107,0,True
91754,19509,15,False
90006,19247,10,False
90006,19426,17,False
90006,19089,16,False
90006,19487,22,False
90006,19454,0,True
90006,19511,11,False
90006,7763,25,False
90006,19394,18,False
90006,8056,11,False
90006,19543,15,False
90006,19462,25,False
90006,19250,24,False
90006,19376,0,True
90006,19534,12,False
90005,19087,18,False
90005,19160,24,False
90005,19074,23,False
90005,19152,22,False
90005,7504,15,False
90005,19328,23,False
90005,19289,25,False
90005,19288,11,False
90005,19312,0,True
90005,19199,0,True
90005,19379,21,False
90005,19458,0,True
90005,19151,0,True
90008,19522,0,True
90008,19521,21,False
90008,19344,25,False
90008,19186,11,False
91759,19118,0,True
91759,19209,10,False
91759,4874,17,False
90007,19322,16,False
90007,19400,12,False
90007,19422,0,True
90007,19110,22,False
90007,19532,13,False
90007,19381,11,False
90007,19324,18,False
90007,19210,13,False
90007,19339,19,False
90007,19398,13,False
90007,8056,11,False
90007,19159,0,True
90007,19487,17,False
90007,19185,16,False
90007,19475,22,False
90007,19542,0,True
90007,19431,12,False
90010,19489,22,False
90010,19220,10,False
90010,19154,0,True
90010,19261,14,False
91765,19462,17,False
91765,19318,14,False
91765,9157,0,True
91765,6865,19,False
91765,19091,12,False
91765,19428,13,False
91765,19502,24,False
90012,19351,14,False
90012,19441,19,False
90012,19403,19,False
90012,19465,0,True
90012,19073,19,False
90012,7656,15,False
90012,19430,18,False
90012,19072,24,False
90012,19106,0,True
90012,19238,12,False
90012,19327,16,False
90012,19311,19,False
90012,19484,16,False
90012,19345,17,False
90012,19349,16,False
90012,19439,0,True
90012,19378,0,True
90012,19525,11,False
90012,19466,0,True
90011,19185,0,True
90011,19229,21,False
90011,19330,0,True
90011,19059,22,False
90011,19060,0,True
90011,4647,0,True
90011,19459,24,False
90011,19150,21,False
90011,19362,16,False
90011,19140,24,False
90011,19303,22,False
90011,19110,0,True
90011,9931,10,False
90011,19305,15,False
90011,19507,23,False
90014,19309,24,False
90014,19270,16,False
90014,19114,10,False
90014,19147,14,False
90014,19350,23,False
90014,19415,13,False
90014,3777,20,False
90014,19522,15,False
90014,19477,18,False
90014,19205,18,False
90014,19448,21,False
90014,19066,0,True
90014,19489,20,False
90014,6865,0,True
90014,19122,0,True
91767,19309,0,True
91767,19161,11,False
91767,19129,0,True
91767,19305,0,True
91767,7435,0,True
91767,19397,17,False
91766,19395,0,True
91766,19086,24,False
91766,19457,20,False
91766,19239,16,False
91766,19283,19,False
91766,19211,0,True
91766,19201,14,False
91766,19481,22,False
91766,19459,17,False
91766,19545,24,False
91766,19218,23,False
91766,19224,0,True
91766,19454,15,False
91766,19435,0,True
90013,4874,0,True
90013,19319,21,False
90013,19545,0,True
90013,19113,20,False
90013,19310,21,False
90013,19505,22,False
90013,19183,16,False
90013,19126,23,False
90013,19544,13,False
90013,452,0,True
90013,6940,17,False
90016,19355,11,False
90016,19079,0,True
90016,19341,0,True
90016,19222,0,True
90016,19232,0,True
90016,19481,24,False
90016,19241,14,False
90016,19275,23,False
90016,19190,17,False
90016,19310,12,False
90016,19212,21,False
90016,19090,0,True
90016,19115,12,False
90016,19176,0,True
90016,19536,17,False
90016,19485,17,False
90016,19140,25,False
90016,19387,17,False
91768,3778,10,False
91768,4618,14,False
91768,19504,22,False
91768,19249,24,False
91768,19348,11,False
91768,19376,19,False
91768,19063,0,True
91768,19105,12,False
91768,19428,14,False
91768,19295,17,False
91768,19100,13,False
91768,19202,12,False
91768,19272,0,True
91768,19303,0,True
91768,19091,20,False
91768,19073,17,False
90015,326,10,False
90015,19440,11,False
90015,19368,19,False
90015,4981,10,False
90015,19229,17,False
90015,19263,24,False
90015,19387,10,False
90015,6898,15,False
90015,19468,16,False
90015,19381,22,False
90015,19307,22,False
90015,19101,18,False
90015,19320,15,False
90015,19469,0,True
90015,19357,20,False
90015,19277,18,False
90015,4264,15,False
90015,19237,21,False
90015,4870,0,True
90018,19386,10,False
90018,19282,0,True
90018,19268,24,False
90018,19138,13,False
90018,4647,10,False
90018,19323,17,False
90018,19106,12,False
90018,19317,24,False
90018,19229,12,False
90018,19272,18,False
90018,19157,20,False
90018,19199,22,False
90018,19194,0,True
90018,19373,24,False
90018,19370,0,True
90018,19446,10,False
90018,19147,20,False
90018,19395,16,False
90017,19228,17,False
90017,567,23,False
90017,7068,14,False
90017,19174,11,False
90017,19490,20,False
90017,4647,21,False
90017,19450,20,False
90017,8056,10,False
90017,19287,20,False
90017,19100,0,True
90017,19075,14,False
90017,19455,0,True
90017,19419,13,False
90017,4981,16,False
90017,19432,18,False
90017,19094,17,False
91770,19271,22,False
91770,19136,0,True
91770,19309,19,False
91773,19408,15,False
90020,19202,0,True
90020,19527,20,False
90020,6689,0,True
90020,19230,12,False
90020,19186,16,False
90020,19498,25,False
90020,19151,0,True
90020,19101,24,False
90020,19269,11,False
90020,19443,14,False
90020,19206,19,False
90020,19254,0,True
90020,4874,19,False
90020,19412,21,False
90020,19463,12,False
90020,19327,16,False
90020,19382,0,True
91772,4874,0,True
90019,19144,18,False
91776,19210,11,False
91776,19362,12,False
91776,19343,16,False
91776,19323,0,True
91776,19434,14,False
91776,19532,17,False
91776,19248,15,False
91776,19070,18,False
90022,8305,19,False
90022,19377,22,False
90022,19108,13,False
90022,19479,0,True
90022,19069,14,False
90022,19475,22,False
90022,19192,12,False
90022,19059,13,False
90022,19230,19,False
90022,19501,11,False
90022,19078,22,False
90021,19061,25,False
90021,19224,20,False
90021,19490,16,False
90021,19538,19,False
91775,19393,15,False
91775,19369,15,False
91775,19448,15,False
91775,19321,0,True
91775,3777,16,False
91775,19175,14,False
91775,19167,17,False
91775,19152,24,False
91780,19399,19,False
91780,19396,19,False
91780,19158,13,False
90024,19190,12,False
90024,19496,12,False
90024,19208,0,True
90024,19211,10,False
90024,19076,10,False
90024,19339,0,True
90024,19089,23,False
90024,19387,0,True
90024,19375,0,True
90024,19105,21,False
90024,7435,10,False
90024,8293,20,False
91778,19083,21,False
91778,19485,25,False
91778,19137,24,False
91778,19456,15,False
91778,19306,20,False
91778,8519,0,True
91778,19204,15,False
91778,19277,0,True
90023,19328,0,True
90023,19086,0,True
90023,19501,17,False
90023,19510,23,False
90023,19226,0,True
90023,7068,22,False
90023,19543,10,False
90023,19154,22,False
90023,19160,0,True
90023,19071,17,False
90026,19499,23,False
90026,19135,23,False
90026,19064,20,False
90026,19485,21,False
90026,19426,19,False
90026,19479,22,False
90026,19154,22,False
90026,19455,18,False
90026,19109,0,True
90026,19115,13,False
90026,19329,0,True
90026,19462,11,False
90026,19446,20,False
90026,19102,15,False
90025,19502,23,False
90025,19529,22,False
90025,19231,18,False
90025,19217,0,True
90025,19401,12,False
90025,19082,16,False
90025,19149,23,False
90025,19513,21,False
90025,19206,20,False
90025,19094,17,False
90025,19084,0,True
90025,19472,24,False
90025,19446,11,False
90025,19519,17,False
90025,19318,20,False
90025,19510,10,False
90025,19436,17,False
90028,19527,14,False
90028,19238,19,False
90028,19539,10,False
90028,6854,0,True
90028,19330,12,False
90028,19293,23,False
90028,19160,0,True
90028,19510,21,False
90027,19484,19,False
90027,19131,20,False
90027,19305,18,False
90027,19246,15,False
90027,19112,15,False
90027,19127,19,False
90027,19234,18,False
90027,19270,14,False
90027,19314,19,False
90027,19463,22,False
90027,3777,19,False
90027,19479,0,True
90027,19226,23,False
90027,19423,14,False
90027,7619,19,False
90027,19499,16,False
91790,19332,23,False
91790,19426,0,True
91790,19480,18,False
91790,19234,13,False
91790,19514,15,False
91790,19244,13,False
91790,19080,20,False
91790,19126,14,False
91790,1905,24,False
91790,19296,22,False
91789,6898,11,False
91789,19092,25,False
90029,19455,25,False
90029,19305,18,False
90029,19285,13,False
90029,19449,12,False
90029,19495,14,False
90029,19138,17,False
90029,19242,0,True
90029,19486,25,False
90029,19214,12,False
90029,7435,13,False
90029,19378,17,False
90029,19469,21,False
90029,19074,23,False
90029,9157,0,True
90029,19387,17,False
90032,9355,22,False
90032,19290,10,False
90032,19369,0,True
90032,19430,18,False
90032,19089,25,False
90032,19277,0,True
90032,8519,18,False
90032,19096,24,False
90032,3798,14,False
90032,19422,15,False
90032,19073,0,True
91792,19532,18,False
91792,19354,22,False
91792,19241,13,False
91792,19172,22,False
91792,19261,21,False
91792,19482,25,False
91792,7504,12,False
91792,19133,22,False
91792,19497,18,False
91792,19417,19,False
91792,19181,0,True
91791,19375,18,False
90031,19274,19,False
90031,3778,0,True
90031,19525,16,False
90031,19460,14,False
90031,19404,0,True
90031,19509,17,False
90031,4618,0,True
90031,19223,0,True
90031,19166,19,False
90031,19309,18,False
90031,19489,22,False
90034,19392,19,False
90034,19091,19,False
90034,19505,11,False
90034,19167,0,True
90034,19372,24,False
90034,6854,0,True
90034,19108,0,True
90034,19400,24,False
90034,19288,12,False
90034,19082,13,False
90034,19377,22,False
90034,19206,0,True
91793,19332,11,False
91793,19228,0,True
91793,19233,14,False
91793,19171,24,False
91793,19530,20,False
90033,19338,22,False
90033,19306,19,False
90033,19189,21,False
90033,19284,20,False
90033,19208,0,True
90033,19435,14,False
90033,19206,23,False
90033,19396,19,False
90033,8305,12,False
90033,19518,12,False
90033,4281,24,False
90033,19148,20,False
90033,19220,18,False
90033,19380,22,False
90033,19461,20,False
90033,19510,17,False
90033,19353,16,False
90033,19314,21,False
90033,19344,13,False
90033,19340,18,False
90036,19148,0,True
90036,19256,12,False
90036,19095,12,False
90036,19082,24,False
90036,19412,19,False
90036,19207,0,True
90036,19527,12,False
90036,19502,23,False
90036,19367,20,False
90036,19310,0,True
90036,19484,23,False
90036,19102,18,False
90036,19468,18,False
90036,19193,13,False
90036,19394,0,True
90036,19065,17,False
90035,19260,23,False
90035,19539,17,False
90035,19524,23,False
90035,19384,24,False
90035,19489,0,True
90038,19293,0,True
90038,19102,21,False
90038,19398,11,False
90038,19493,23,False
90038,19457,0,True
90038,19108,13,False
90038,19379,10,False
90038,7472,0,True
90038,19170,0,True
90038,19484,22,False
91801,8002,21,False
90037,4263,15,False
90037,19298,0,True
90037,19370,0,True
90037,19345,24,False
90037,19372,22,False
90037,19535,0,True
90037,19399,24,False
90037,19504,11,False
90037,19319,0,True
90037,19542,16,False
90037,19374,24,False
90037,19439,19,False
90037,4647,25,False
90037,19242,0,True
90037,19459,10,False
90037,19062,0,True
90037,9871,20,False
90040,19190,13,False
90040,19282,19,False
90040,19132,0,True
90040,19464,20,False
90040,19540,0,True
90040,19321,20,False
91803,19082,20,False
91803,19328,25,False
91803,19256,0,True
91803,19096,24,False
91803,19518,12,False
91803,19151,18,False
91803,19321,15,False
91803,19230,21,False
91803,19435,23,False
91803,19341,10,False
91803,19232,0,True
91803,19444,22,False
91803,19425,0,True
91803,19414,21,False
90039,19132,17,False
90039,19465,15,False
90039,19346,12,False
90039,19442,20,False
90039,19158,19,False
90039,19210,14,False
90042,19197,17,False
90042,19478,0,True
90042,19469,0,True
90042,19269,0,True
90042,19333,22,False
90042,19095,25,False
90042,19536,22,False
90042,19065,12,False
90042,19171,10,False
90042,19117,11,False
90042,19109,17,False
90042,19398,16,False
90042,19365,0,True
90041,19534,11,False
90041,19330,17,False
90041,19220,19,False
90041,19305,25,False
90041,8305,0,True
90041,19428,17,False
90041,19353,12,False
90041,7504,13,False
90041,19325,0,True
90041,19391,10,False
90041,19274,13,False
90041,19250,0,True
90041,19244,23,False
90041,19513,25,False
90041,19246,14,False
90041,19349,19,False
90041,19270,20,False
90041,7763,10,False
90044,19431,14,False
90044,19094,19,False
90044,452,23,False
90044,19329,23,False
90044,19412,11,False
90043,19335,23,False
90043,7068,18,False
90043,19083,13,False
90043,19148,21,False
90043,19384,0,True
90043,19364,18,False
90043,19465,19,False
90043,19073,15,False
90043,19427,0,True
90043,19357,15,False
90043,19449,21,False
90043,19110,15,False
90043,19112,10,False
90043,19321,23,False
90046,19382,21,False
90046,19385,18,False
90046,19449,17,False
90046,19150,24,False
90046,8305,15,False
90046,19287,11,False
90046,19519,15,False
90046,19210,23,False
90046,6898,0,True
90045,19243,23,False
90045,19384,25,False
90045,19314,24,False
90045,19291,0,True
90045,19139,14,False
90045,19193,0,True
90045,19130,0,True
90045,19187,21,False
90045,19100,20,False
90045,19303,15,False
90045,19443,25,False
90045,19393,20,False
90048,19512,18,False
90048,19153,0,True
90048,19413,22,False
90048,19196,19,False
90048,19244,23,False
90048,19522,0,True
90048,19270,0,True
90047,19367,13,False
90047,19185,17,False
90047,19401,24,False
90047,19341,18,False
90047,19329,0,True
90047,19389,24,False
90047,19101,25,False
90047,19154,22,False
90047,19250,13,False
90047,3778,17,False
90047,19159,18,False
90047,19330,22,False
90047,19096,14,False
90047,19283,19,False
90047,19165,0,True
90047,19166,17,False
90047,19501,24,False
90047,19184,0,True
90047,19444,17,False
90047,5780,14,False
90049,19171,0,True
90049,19179,21,False
90049,19358,22,False
90049,19443,25,False
90049,19172,0,True
90049,19102,13,False
90049,3587,10,False
90049,19444,19,False
90049,19223,23,False
90049,19146,16,False
90049,326,21,False
90049,19334,19,False
90049,19147,10,False
90049,19291,15,False
90049,4647,20,False
90049,19294,10,False
90049,19070,0,True
90049,19119,23,False
90049,19096,19,False
90052,19413,19,False
90052,19243,0,True
90052,19400,22,False
90052,3777,11,False
90052,19444,21,False
90052,19143,0,True
90052,19408,11,False
90052,19386,11,False
90052,4281,14,False
90052,19372,17,False
90052,19238,18,False
90052,19239,18,False
90052,19231,25,False
90052,6854,20,False
90052,19219,14,False
90052,19263,23,False
90052,19535,21,False
90056,19248,17,False
90056,9857,16,False
90056,6854,22,False
90056,19532,16,False
90056,19494,19,False
90056,19207,23,False
90056,19403,0,True
90056,19232,18,False
90058,19227,17,False
90058,19212,14,False
90058,19375,0,True
90058,19138,0,True
90058,19211,0,True
90058,19322,10,False
90058,19165,17,False
90058,19286,20,False
90058,19292,13,False
90058,19223,12,False
90058,19336,13,False
90058,19060,20,False
90058,19289,25,False
90058,19150,17,False
90058,19426,20,False
90057,19238,24,False
90057,8056,15,False
90057,19273,13,False
90057,19206,12,False
90057,19066,0,True
90057,19156,0,True
90057,19232,19,False
90060,19157,12,False
90060,19323,16,False
90060,7656,12,False
90060,3587,11,False
90059,19109,19,False
90059,19249,14,False
90059,19203,0,True
90059,19436,0,True
90059,19434,0,True
90059,19254,14,False
90059,567,25,False
90059,19331,13,False
90059,19207,12,False
90059,19316,16,False
90059,19240,12,False
90059,19179,0,True
90059,19318,22,False
90059,19139,13,False
90062,19240,21,False
90062,19402,0,True
90062,19514,15,False
90062,19390,14,False
90062,19186,18,False
90062,19227,0,True
90062,19478,16,False
90062,19374,12,False
90062,19087,12,False
90062,19267,0,True
90061,19092,15,False
90061,19500,18,False
90061,19117,25,False
90061,19346,0,True
90061,19101,22,False
90061,19236,17,False
90061,19434,11,False
90061,19452,24,False
90061,19267,18,False
90061,19070,22,False
90061,19378,0,True
90061,4845,0,True
90061,19509,12,False
90061,19202,24,False
90061,19394,12,False
90064,19378,16,False
90064,6689,0,True
90064,19500,11,False
90064,19343,24,False
90064,19303,16,False
90064,19465,17,False
90064,4264,12,False
90064,19181,17,False
90064,19328,0,True
90064,19132,25,False
90064,19102,17,False
90063,19509,11,False
90063,19339,14,False
90063,19431,25,False
90063,19406,17,False
90063,19445,20,False
90063,19511,14,False
90063,19143,19,False
90063,19379,17,False
90063,19253,0,True
90063,19414,25,False
90063,19460,11,False
90063,19399,17,False
90066,19356,14,False
90066,19382,12,False
90066,19098,17,False
90066,19271,17,False
90065,19353,12,False
90065,19345,0,True
90065,19329,0,True
90065,4647,21,False
90065,19146,18,False
90065,19194,21,False
90065,19456,14,False
90065,19260,19,False
90065,19283,0,True
90065,19133,0,True
90065,19298,17,False
90065,19173,25,False
90065,19128,14,False
90065,19231,24,False
90065,19210,0,True
90065,19247,19,False
90065,19268,12,False
90065,19343,16,False
90068,4260,16,False
90068,19378,0,True
90068,19439,16,False
90068,19065,21,False
90068,19382,0,True
90068,19075,23,False
90068,19459,12,False
90068,19294,23,False
90068,19531,13,False
90068,19275,0,True
90067,19247,18,False
90067,19446,12,False
90067,19484,14,False
90067,19239,14,False
90067,19072,10,False
90067,19544,12,False
90067,19089,11,False
90069,19354,16,False
90069,19306,22,False
90069,19254,0,True
90069,19193,22,False
90069,19366,0,True
90069,19286,22,False
90069,19268,16,False
90069,19249,25,False
90069,19227,0,True
90071,19190,0,True
90071,19434,16,False
90071,19291,13,False
90071,19140,24,False
90071,19100,11,False
90071,19097,24,False
90071,19186,12,False
90071,19160,24,False
90071,19518,15,False
90071,19501,0,True
90071,19081,0,True
90071,19231,23,False
90071,19403,23,False
90071,19305,16,False
90071,19230,10,False
90071,19272,23,False
90074,19458,20,False
90074,19368,20,False
90074,19482,17,False
90074,19140,20,False
90074,19280,23,False
90074,19090,21,False
90074,19335,17,False
90074,19316,12,False
90074,19293,12,False
90074,19463,0,True
90073,19328,23,False
90073,19250,15,False
90077,19436,20,False
90077,4263,0,True
90077,19268,14,False
90077,19463,13,False
90077,19498,22,False
90077,19466,22,False
91008,19202,0,True
91008,19543,23,False
91008,19454,12,False
91008,19482,16,False
91008,19186,11,False
91008,19348,13,False
91008,19417,0,True
91008,19388,23,False
91008,19113,17,False
91008,19196,17,False
91008,19542,22,False
91008,19316,25,False
91008,19238,23,False
91008,19078,22,False
91008,19413,0,True
91008,19207,13,False
90084,19295,23,False
90084,19423,14,False
90089,19194,18,False
90089,19374,10,False
90089,4629,25,False
90089,19236,21,False
90089,19431,25,False
90089,19530,25,False
90089,19439,0,True
90089,19533,12,False
90089,19074,13,False
90089,19385,0,True
90089,19263,18,False
90089,19334,22,False
90089,19397,24,False
90089,19201,0,True
90089,19514,24,False
90089,19469,16,False
90089,19244,0,True
90089,19502,18,False
90089,19318,15,False
90095,19293,0,True
90094,19302,23,False
90094,19263,23,False
90094,8659,16,False
90094,19491,20,False
90094,19319,23,False
90094,19301,24,False
90094,19088,16,False
90094,19175,19,False
90094,19430,14,False
90094,19290,17,False
90094,6865,14,False
90094,19312,21,False
90094,19135,11,False
90094,19202,19,False
90094,19414,15,False
90096,19311,0,True
90096,19243,10,False
90096,8519,17,False
90096,19252,0,True
90096,19331,18,False
90096,19394,24,False
90096,19168,12,False
90096,19386,22,False
90096,19349,0,True
90099,19171,23,False
90099,19116,14,False
90099,19450,23,False
90099,19534,14,False
90099,19132,25,False
90099,19154,10,False
90099,19511,17,False
90099,19109,19,False
90099,19370,0,True
90099,19092,16,False
90099,19101,15,False
90099,19241,20,False
90099,19460,0,True
90099,19329,18,False
90099,19194,0,True
90099,19536,15,False
90099,19371,13,False
90099,19338,11,False
90201,19451,10,False
90189,19346,15,False
90189,19337,19,False
90189,19488,18,False
90189,19329,10,False
90189,19151,18,False
90189,19472,20,False
90189,3777,25,False
90189,19275,0,True
90189,4281,21,False
90189,19427,21,False
90211,19150,11,False
90211,4870,0,True
90211,19504,17,False
90211,19094,14,False
90211,19441,24,False
90211,7472,24,False
90211,19252,16,False
90211,19391,12,False
90211,19332,21,False
90211,19214,21,False
90211,19316,0,True
90211,19533,19,False
90211,19167,11,False
90211,19489,11,False
90211,19293,0,True
90211,19126,23,False
90211,19445,13,False
90211,452,21,False
90210,19146,13,False
90210,19391,20,False
90210,19341,25,False
90210,19350,0,True
90210,8659,21,False
90210,19526,10,False
90210,19173,0,True
90210,19291,24,False
90210,19078,13,False
90212,19250,15,False
90212,19480,15,False
90212,19060,23,False
90212,19105,19,False
90212,19371,10,False
90212,19544,0,True
90212,19248,24,False
90212,19262,0,True
90212,19525,11,False
90212,19485,24,False
90212,19293,12,False
90212,19366,0,True
90212,19381,12,False
90221,19096,22,False
90221,19512,12,False
90221,19240,21,False
90221,19209,25,False
90221,19538,16,False
90221,19357,14,False
90221,19256,23,False
90221,19140,11,False
90221,19262,0,True
90221,19475,11,False
90221,19338,20,False
90221,19168,11,False
90221,19070,10,False
90221,19217,20,False
90221,19476,12,False
90221,19236,0,True
90221,19537,23,False
90221,19181,13,False
90221,19296,23,False
90220,19525,12,False
90220,19150,0,True
90220,19258,12,False
90220,19408,0,True
90220,19490,11,False
90220,19524,25,False
90220,19242,17,False
90220,19379,15,False
90220,19233,0,True
90220,7504,12,False
90220,19087,23,False
90220,19124,13,False
90220,3587,0,True
90220,19446,0,True
90220,8305,0,True
90220,19310,13,False
90220,19114,10,False
90220,19301,14,False
90220,19153,21,False
90220,19313,13,False
90222,19172,11,False
90222,19211,0,True
90222,19506,23,False
90222,19444,21,False
90222,19073,25,False
90230,19187,15,False
90230,452,14,False
90232,19132,23,False
90232,19382,0,True
90232,19167,11,False
90232,19315,0,True
90232,19479,25,False
90232,19302,17,False
90232,19464,22,False
90232,19478,25,False
90232,19357,22,False
90232,19507,18,False
90232,19230,24,False
90232,19094,18,False
90232,19228,0,True
90232,19065,19,False
90241,19394,10,False
90241,19460,0,True
90241,19208,0,True
90241,19061,14,False
90241,19199,11,False
90241,19491,24,False
90241,19454,20,False
90240,19451,19,False
90240,19148,15,False
90240,19175,10,False
90240,19288,11,False
90240,19165,10,False
90240,19541,13,False
90240,19366,10,False
90240,1462,12,False
90240,19159,19,False
90245,9355,11,False
90245,19059,13,False
90245,19399,21,False
90245,19434,14,False
90245,6865,18,False
90245,19354,22,False
90245,19287,15,False
90245,19249,0,True
90245,19463,20,False
90245,19096,0,True
90245,7619,0,True
90245,19253,25,False
90245,19442,17,False
90245,6898,0,True
90245,19455,19,False
90245,19064,22,False
90245,19247,0,True
90245,19115,23,False
90245,19408,15,False
90245,19446,20,False
90242,19423,16,False
90242,19206,0,True
90248,19201,22,False
90248,19540,22,False
90248,19172,21,False
90248,19518,16,False
90248,19185,0,True
90248,19498,17,False
90248,19302,18,False
90248,19308,10,False
90248,19160,24,False
90248,19313,25,False
90247,7068,20,False
90247,19311,0,True
90247,9871,19,False
90247,19169,20,False
90247,19256,17,False
90250,19486,0,True
90250,19304,19,False
90250,19469,0,True
90250,6854,24,False
90249,19311,16,False
90249,19380,23,False
90249,7619,11,False
90249,19336,24,False
90249,19120,14,False
90249,19214,13,False
90249,19351,24,False
90249,19226,23,False
90249,19231,15,False
90254,19102,0,True
90254,19324,0,True
90254,19427,17,False
90254,19202,23,False
90254,8002,21,False
90254,19286,25,False
90254,19077,21,False
90254,19187,18,False
90254,19153,24,False
90254,19349,22,False
90254,9931,15,False
90254,19428,0,True
90254,19305,13,False
90254,19506,19,False
90254,19322,10,False
90254,19395,0,True
90254,19475,0,True
90260,19210,10,False
90260,19109,25,False
90260,19506,13,False
90260,19246,17,False
90260,19131,13,False
90260,6899,13,False
90260,19226,17,False
90260,19111,10,False
90260,19353,10,False
90260,19211,12,False
90260,19099,13,False
90255,4618,14,False
90255,19406,0,True
90255,19417,0,True
90255,8519,0,True
90255,19107,0,True
90255,6899,0,True
90255,6865,0,True
90255,19268,16,False
90255,19100,20,False
90255,19456,22,False
90255,19395,12,False
90255,19389,0,True
90255,19173,0,True
90255,19206,18,False
90255,19183,13,False
90255,19513,24,False
90255,19341,14,False
90262,19058,13,False
90262,19356,24,False
90262,1462,25,False
90262,19115,0,True
90262,19228,13,False
90262,19497,0,True
90262,19069,13,False
90262,19253,11,False
90262,19337,10,False
90262,9857,22,False
90262,19331,0,True
90262,7504,13,False
90262,19502,0,True
90262,19290,10,False
90262,19118,11,False
90264,19354,0,True
90264,19169,22,False
90264,19234,0,True
90264,9157,22,False
90264,19076,10,False
90264,19258,10,False
90264,19394,23,False
90264,19545,11,False
90264,19188,22,False
90264,19287,23,False
90264,19410,14,False
90264,19207,0,True
90264,19240,0,True
90264,5468,25,False
90264,19431,24,False
90264,19514,17,False
90264,19211,19,False
90264,19338,25,False
90264,19062,22,False
90264,7504,20,False
90263,4981,0,True
90263,19106,0,True
90263,19488,16,False
90263,19269,21,False
90263,19286,14,False
90263,19080,16,False
90263,19363,22,False
90263,19442,14,False
90263,19415,0,True
90263,19100,12,False
90266,19194,21,False
90266,4874,15,False
90266,7068,10,False
90265,19109,0,True
90265,6689,0,True
90265,19207,0,True
90265,19496,10,False
90265,19537,23,False
90265,19102,18,False
90265,19274,17,False
90270,19390,14,False
90270,19158,15,False
90270,19309,19,False
90270,19478,19,False
90270,19115,20,False
90270,19397,23,False
90270,19343,10,False
90274,6940,20,False
90274,19482,23,False
90274,19113,17,False
90274,19307,0,True
90274,19539,25,False
90274,19444,0,True
90274,19432,11,False
90274,19238,12,False
90274,19250,11,False
90274,19138,18,False
90274,19296,24,False
90274,19111,19,False
90274,19288,14,False
90274,19106,17,False
90274,19190,0,True
90272,19512,10,False
90272,19214,0,True
90272,19173,19,False
90272,19394,19,False
90272,19105,0,True
90272,19199,11,False
90272,19157,0,True
90272,518,19,False
90272,19091,19,False
90272,19308,25,False
90272,19284,25,False
90272,19136,0,True
90272,19207,0,True
90277,19422,23,False
90277,19249,0,True
90277,19292,0,True
90277,19201,20,False
90277,19335,12,False
90277,19530,14,False
90277,19148,25,False
90275,19135,24,False
90275,19444,0,True
90275,19245,18,False
90275,19426,0,True
90275,19093,23,False
90275,19450,10,False
90275,19249,13,False
90275,6998,25,False
90275,19469,16,False
90275,19462,20,False
90275,19536,23,False
90280,19364,0,True
90280,19239,15,False
90280,19272,16,False
90280,19451,16,False
90280,8305,0,True
90280,19185,19,False
90280,19109,16,False
90280,19400,24,False
90280,19227,23,False
90280,19469,23,False
90280,19073,19,False
90280,19519,17,False
90280,19351,0,True
90280,19432,0,True
90278,19441,23,False
90278,1905,25,False
90278,19359,23,False
90278,19374,0,True
90278,19110,12,False
90278,19327,0,True
90291,19435,14,False
90291,19336,25,False
90291,19314,15,False
90291,19306,0,True
90291,19386,0,True
90290,19319,19,False
90290,19115,0,True
90293,19144,11,False
90293,19327,25,False
90293,19467,13,False
90293,19156,11,False
90293,19234,0,True
90293,9931,17,False
90293,19152,22,False
90293,19425,0,True
90293,19387,0,True
90293,19394,25,False
90293,19088,20,False
90293,19499,17,False
90293,19254,14,False
90293,19325,20,False
90293,19376,12,False
90293,19064,0,True
90292,19110,24,False
90292,19451,21,False
90292,19158,0,True
90292,19173,16,False
90292,19507,18,False
90292,19203,25,False
90292,19264,25,False
90292,19123,10,False
90292,19432,0,True
90292,19099,12,False
90292,19480,25,False
90295,4845,19,False
90295,19071,10,False
90295,4842,12,False
90295,19451,16,False
90295,6899,0,True
90295,19090,12,False
90295,19484,17,False
90295,19327,17,False
90295,19455,24,False
90295,19256,17,False
90301,19061,16,False
90301,19373,0,True
90301,3798,16,False
90301,4629,10,False
90301,19389,17,False
90301,19345,0,True
90301,8293,17,False
90301,19233,18,False
90301,19066,21,False
90301,19313,10,False
90301,19397,19,False
90301,19151,17,False
90296,19058,18,False
90296,19188,17,False
90296,19083,12,False
90296,19253,13,False
90296,19486,17,False
90303,19441,15,False
90303,19518,11,False
90303,19419,16,False
90303,8293,15,False
90303,19060,12,False
90303,19353,14,False
90302,19485,0,True
90302,19148,10,False
90302,19100,25,False
90302,19510,13,False
90302,19348,0,True
90305,19298,0,True
90305,19422,19,False
90305,19179,0,True
90305,19109,12,False
90305,19167,0,True
90305,19485,15,False
90305,7435,25,False
90305,19301,25,False
90305,19129,21,False
90305,4281,15,False
90305,19378,20,False
90305,19355,15,False
90305,9355,0,True
90305,19140,13,False
90305,19130,18,False
90305,19084,17,False
90305,19532,18,False
90305,19107,18,False
90304,19064,14,False
90304,452,14,False
90304,4842,25,False
90304,19071,0,True
90304,19309,16,False
90304,567,17,False
90304,4874,21,False
90304,19143,18,False
90304,19292,15,False
90304,4670,0,True
90304,4260,13,False
90304,19103,0,True
90304,19075,18,False
90304,19454,16,False
90304,6751,21,False
90304,19354,15,False
90304,518,22,False
90304,19544,10,False
90304,19129,14,False
90304,19169,17,False
90402,19159,20,False
90402,19452,24,False
90402,4281,20,False
90402,19065,0,True
90402,19178,0,True
90402,19414,25,False
90402,19283,0,True
90402,19270,21,False
90402,19534,0,True
90402,4981,12,False
90402,19542,17,False
90402,5780,12,False
90402,19536,25,False
90402,19545,10,False
90402,19378,11,False
90402,19175,21,False
90402,19501,13,False
90401,19335,0,True
90401,19310,10,False
90404,5780,20,False
90403,19093,13,False
90403,19505,20,False
90403,4260,0,True
90403,19338,0,True
90403,19120,24,False
90403,19431,0,True
90403,19286,17,False
90403,19269,18,False
90403,19137,22,False
90403,19386,23,False
90403,19073,0,True
90403,19253,10,False
90403,19173,18,False
90403,19397,11,False
90403,19441,24,False
90403,19139,25,False
90406,19173,0,True
93243,19174,19,False
93243,19378,11,False
93243,19285,15,False
93243,4845,0,True
93243,19526,22,False
90405,19328,25,False
90405,19376,19,False
90405,19302,13,False
90405,19498,23,False
90405,19355,0,True
90405,19263,13,False
90405,19497,21,False
90405,19194,0,True
90405,19243,14,False
90405,19172,13,False
90405,19461,25,False
90405,19323,22,False
90501,19274,12,False
90501,19341,19,False
90501,19180,0,True
90501,19506,20,False
90501,19525,16,False
90501,326,0,True
90501,19334,0,True
90501,19240,19,False
90501,19371,0,True
90501,19099,14,False
90501,19488,21,False
90501,19137,10,False
90501,19139,0,True
90501,19497,24,False
90501,19105,14,False
90503,19260,22,False
90503,19165,0,True
90503,19472,20,False
90503,19312,11,False
90503,19462,22,False
90503,19137,18,False
90503,19449,0,True
90503,19480,25,False
90503,19385,15,False
90503,19409,21,False
90503,19113,20,False
90502,19317,13,False
90502,19494,15,False
90502,7504,16,False
90502,19539,12,False
90502,4670,0,True
90502,19446,17,False
90502,19312,23,False
90502,19264,12,False
90502,19254,23,False
90502,19131,16,False
90502,19510,15,False
90502,19416,12,False
90502,19065,17,False
90505,19315,25,False
90505,19236,10,False
90505,19237,22,False
90505,19311,21,False
90505,19259,0,True
90505,8659,18,False
90505,19385,0,True
90505,19226,0,True
90505,19412,11,False
90505,19512,23,False
90505,19221,14,False
90505,19118,12,False
90505,7435,0,True
90505,19314,11,False
90504,19082,18,False
90504,19212,21,False
90504,19171,19,False
90504,19162,16,False
90504,19369,21,False
90504,19476,19,False
90504,19295,13,False
90504,4629,11,False
90504,19370,12,False
90504,19179,12,False
90504,19157,10,False
90504,19522,0,True
90508,4870,0,True
90508,19309,22,False
90508,19221,0,True
90508,19306,0,True
90508,6865,19,False
90508,6751,20,False
90508,19498,0,True
90508,19430,21,False
90508,19392,10,False
90508,19434,17,False
90508,19494,10,False
90508,19536,19,False
90508,19229,18,False
90601,19210,22,False
90601,19282,0,True
90601,19313,15,False
90601,19450,16,False
90601,19241,12,False
90601,19448,21,False
90601,19458,0,True
90601,19184,17,False
90601,19394,13,False
90601,19534,21,False
90603,8305,10,False
90603,19276,15,False
90603,19109,14,False
90603,1462,25,False
90602,19241,23,False
90602,19353,22,False
90602,19395,0,True
90602,19275,16,False
90602,19111,20,False
90602,19221,20,False
90605,7068,14,False
90605,19462,13,False
90605,19128,0,True
90605,19541,17,False
90605,19466,25,False
90605,19136,23,False
90605,19284,22,False
90605,19482,12,False
90605,7619,0,True
90605,19511,24,False
90605,19289,16,False
90605,19083,11,False
90605,19186,13,False
90605,19310,14,False
90605,19277,23,False
90605,19063,0,True
90604,19075,23,False
90604,19398,21,False
90604,19540,14,False
90604,19369,0,True
90604,19130,0,True
90604,19460,18,False
90604,7888,12,False
90604,19316,22,False
90604,19448,0,True
90606,452,11,False
90606,19531,21,False
90606,19093,15,False
90606,19091,14,False
90606,19090,19,False
90606,6751,19,False
90606,19098,15,False
90606,19194,24,False
90606,19357,19,False
90606,19287,19,False
90606,19193,0,True
90606,19431,16,False
90606,19443,12,False
90606,19203,17,False
90606,8659,10,False
90631,19399,11,False
90631,19135,0,True
90631,19439,0,True
90631,19306,16,False
90631,19248,21,False
90631,19190,15,False
90631,7504,0,True
90631,19446,19,False
90639,19344,14,False
90639,19120,25,False
90638,19169,11,False
90638,19109,25,False
90638,19423,20,False
90638,19162,17,False
90638,19526,12,False
90638,19536,0,True
90638,19481,0,True
90638,19262,15,False
90638,19385,12,False
90638,19082,24,False
90638,19297,0,True
90638,19244,0,True
90650,19092,21,False
90650,19168,14,False
90650,19459,13,False
90650,19323,20,False
90650,19454,15,False
90650,19542,19,False
90640,19234,17,False
90640,19372,10,False
90640,19537,25,False
90640,19512,0,True
90640,19390,20,False
90640,6865,23,False
90640,19098,0,True
90640,19396,23,False
90640,19212,14,False
90640,19204,15,False
90640,19541,12,False
90640,19481,0,True
90640,19513,24,False
90640,19110,0,True
90640,19486,23,False
90640,19074,16,False
90640,19260,19,False
90640,19475,24,False
90640,7888,23,False
90640,19459,16,False
90660,19070,20,False
90660,19515,21,False
90660,19319,22,False
90660,19460,12,False
90660,19531,15,False
90660,19348,18,False
90660,19249,25,False
90660,19105,12,False
90660,19144,25,False
90660,19137,16,False
90660,19442,13,False
90660,19402,17,False
90660,19241,24,False
90670,19450,0,True
90670,19077,0,True
90670,19202,21,False
90670,19066,0,True
90670,8659,0,True
90670,19156,22,False
90670,6865,23,False
90670,19333,25,False
90670,4842,0,True
90670,4870,24,False
90670,19217,0,True
90670,19084,19,False
90670,19154,16,False
90670,19233,0,True
90670,19151,20,False
90670,19171,16,False
90670,19206,0,True
90702,19099,10,False
90702,19377,20,False
90702,19102,20,False
90702,19451,10,False
90701,19174,10,False
90701,19450,20,False
90701,19532,14,False
90701,19393,23,False
90701,19188,0,True
90701,19294,0,True
90701,19442,13,False
90701,19070,0,True
90701,9931,13,False
90701,19210,16,False
90701,19304,24,False
90701,19109,22,False
90701,19375,0,True
90701,19280,18,False
90701,19373,22,False
90701,19416,0,True
90701,19249,0,True
90701,19098,14,False
90701,19129,14,False
90704,19174,16,False
90704,19441,18,False
90704,19364,22,False
90704,19435,17,False
90704,19249,0,True
90704,19230,0,True
90704,19464,13,False
90704,1462,0,True
90704,19399,22,False
90704,19439,17,False
90703,19362,17,False
90703,19484,21,False
90703,19441,24,False
90703,19320,10,False
90703,19252,0,True
90703,19294,13,False
90703,19306,14,False
90703,19443,10,False
90703,19406,17,False
90703,19524,17,False
90703,19434,21,False
90703,19284,24,False
90703,19469,11,False
90703,19367,11,False
90703,19132,17,False
90703,19082,24,False
90703,19268,11,False
90703,19077,21,False
90706,19417,23,False
90706,19379,15,False
90706,19318,25,False
90706,4981,16,False
90706,19166,10,False
90706,19132,0,True
90706,19356,15,False
90706,19350,13,False
90706,19262,25,False
90706,19208,19,False
90706,19116,15,False
90706,19178,0,True
90706,19338,22,False
90706,19194,20,False
90706,19540,12,False
90710,19131,10,False
90710,19514,12,False
90710,19501,0,True
90710,19238,23,False
90710,19541,10,False
90710,19135,11,False
90710,19458,21,False
90710,19288,23,False
90710,19364,22,False
90710,19436,17,False
90710,19544,24,False
90710,19081,14,False
90710,19373,21,False
90710,4618,10,False
90710,19116,19,False
90710,19058,0,True
90713,19359,0,True
90713,19312,23,False
90713,19280,12,False
90713,19363,13,False
90713,19324,0,True
90713,19533,20,False
90713,19387,11,False
90713,19323,23,False
90713,19138,10,False
90713,19351,16,False
90713,19464,18,False
90712,19497,0,True
90712,19381,21,False
90712,19527,18,False
90712,8002,20,False
90712,19133,19,False
90712,19073,22,False
90712,19483,17,False
90712,8056,0,True
90715,19357,25,False
90715,19481,11,False
90715,19402,15,False
90715,19504,13,False
90717,5780,23,False
90717,19118,16,False
90717,19204,0,True
90717,19149,18,False
90717,19539,0,True
90717,19490,0,True
90717,19460,22,False
90717,19441,12,False
90716,19274,21,False
90716,19408,23,False
90731,19542,23,False
90731,19130,16,False
90731,8659,23,False
90731,19426,12,False
90731,19390,0,True
90731,19541,25,False
90723,19267,18,False
90723,4870,11,False
90723,19183,10,False
90723,19126,23,False
90723,19314,20,False
90723,19106,12,False
90723,19348,24,False
90723,19381,18,False
90723,19297,13,False
90723,19321,0,True
90723,19333,0,True
90733,4842,18,False
90733,19527,11,False
90733,19494,0,True
90733,19063,19,False
90733,19349,18,False
90733,19131,0,True
90733,19220,0,True
90733,19375,17,False
90733,19380,23,False
90732,19077,19,False
90732,19472,10,False
90732,19495,15,False
90732,19208,17,False
90732,19254,13,False
90732,19506,0,True
90732,19504,20,False
90732,19084,22,False
90732,19324,21,False
90732,9355,20,False
90732,19335,16,False
90732,19069,22,False
90732,19448,21,False
90732,19296,14,False
90745,19422,23,False
90745,19239,20,False
90745,19287,13,False
90745,19417,15,False
90745,19527,23,False
90745,19449,16,False
90745,19306,19,False
90745,19375,0,True
90745,19536,16,False
90745,19100,0,True
90745,3798,21,False
90745,19511,19,False
90745,19059,19,False
90745,19318,15,False
90745,19350,0,True
90745,19116,16,False
90744,19458,12,False
90744,19441,12,False
90744,19073,25,False
90744,19102,25,False
90744,19106,20,False
90744,4874,23,False
90744,19518,0,True
90744,19184,0,True
90744,19202,0,True
90744,19078,0,True
90744,19456,17,False
90744,19098,11,False
90744,19382,12,False
90744,19316,0,True
90744,19222,10,False
90747,19475,13,False
90747,19313,20,False
90747,19396,0,True
90747,19397,24,False
90747,19316,12,False
90747,19505,15,False
90747,19458,21,False
90747,19199,13,False
90747,19189,13,False
90747,8519,16,False
90747,19152,17,False
90747,19477,18,False
90746,19427,15,False
90746,19303,12,False
90746,19178,13,False
90746,6940,12,False
90746,8519,0,True
90746,19355,17,False
90746,19063,17,False
90746,19210,0,True
90746,19288,19,False
90746,4281,24,False
90746,19150,22,False
90746,19156,15,False
90755,19240,25,False
90755,19450,19,False
90803,19477,12,False
90803,19377,12,False
90803,19528,0,True
90803,19120,16,False
90802,19107,22,False
90802,19369,12,False
90802,19213,17,False
90802,4874,22,False
90802,8002,23,False
90805,19408,0,True
90804,19363,10,False
90804,19185,0,True
90804,19498,15,False
90804,19229,0,True
90804,19335,11,False
90804,5780,0,True
90804,19167,13,False
90804,19502,20,False
90804,7504,17,False
90804,19220,0,True
90804,19237,16,False
90804,19286,18,False
90804,19493,10,False
90804,19143,18,False
90804,19529,18,False
90804,19133,22,False
90804,19538,17,False
90804,19378,17,False
90804,19310,18,False
90804,19102,0,True
90807,19398,24,False
90807,19187,13,False
90807,19335,24,False
90807,19355,25,False
90807,19417,15,False
90807,19304,12,False
90807,19196,0,True
90806,19469,0,True
90806,19294,18,False
90806,19298,19,False
90806,19208,11,False
90806,19398,17,False
90806,19519,13,False
90806,19327,17,False
90806,19325,0,True
90806,19150,24,False
90806,19105,17,False
90806,19185,16,False
90806,19112,13,False
90806,19323,14,False
90806,8293,24,False
90806,518,15,False
90806,19190,15,False
90806,19234,23,False
90808,19165,0,True
90808,19083,21,False
90808,19310,21,False
90808,19519,0,True
90808,19118,0,True
90808,19316,18,False
90808,19378,21,False
90813,19078,19,False
90813,19080,19,False
90813,19176,0,True
90813,4670,14,False
90813,19189,13,False
90813,6854,12,False
90810,19197,14,False
90810,19311,14,False
90810,19417,24,False
90810,19324,0,True
90810,19373,0,True
90810,19302,0,True
90810,19118,24,False
90810,8002,10,False
90810,19250,13,False
90810,19160,23,False
90810,19509,11,False
90810,19397,22,False
90810,19515,21,False
90810,19398,10,False
90815,19222,0,True
90815,4618,15,False
90815,19171,0,True
90815,19283,0,True
90815,19066,0,True
90814,19321,20,False
90814,19375,12,False
90814,19221,23,False
90814,19227,23,False
90814,19071,18,False
90814,19358,22,False
90814,19340,0,True
90814,19119,0,True
90814,19234,12,False
90814,19230,10,False
90814,19528,14,False
90814,19335,0,True
90814,19451,0,True
90814,19261,0,True
90814,19480,13,False
90814,4874,12,False
90840,8056,17,False
90840,19378,15,False
90840,19062,12,False
90840,19467,19,False
90840,6689,15,False
90840,3587,23,False
90840,19118,24,False
90840,19457,13,False
90840,19184,0,True
90840,19283,10,False
90840,9355,13,False
